Handle,Title,Body (HTML),Vendor,Product Category,Type,Tags,Published,Option1 Name,Option1 Value,Option2 Name,Option2 Value,Variant SKU,Variant Grams,Variant Inventory Tracker,Variant Inventory Qty,Variant Inventory Policy,Variant Fulfillment Service,Variant Price,Variant Compare At Price,Variant Requires Shipping,Variant Taxable,Image Src,Image Position,Image Alt Text,Variant Image,Variant Weight Unit,SEO Title,SEO Description,Status,Subtitle (product.metafields.custom.subtitle),Lede (product.metafields.custom.lede),Features (product.metafields.custom.features),Fit (product.metafields.custom.fit),Care (product.metafields.custom.care)
athletics-club-hoodie,Athletics Club Hoodie,"<p>Heavyweight brushed fleece with a dropped shoulder and a boxy cut that sits right over a lifter's frame. A small brush-stroke VYRO on the chest, the full Athletics Club mark across the back, and drawcords finished with engraved metal aglets.</p>",VYRO,,Hoodies,"men, drop-01, hoodie, hoodies, fleece, pullover, athletics club, heavyweight, oversized, warm-up, tops",TRUE,Color,Black,Size,XS,VY-HOOD-BLK-XS,800,shopify,0,deny,manual,85.00,,TRUE,TRUE,,,,,kg,Athletics Club Hoodie | VYRO Athletics,"The piece Drop 01 was built around. Heavyweight fleece, a boxy cut and the full club mark across the back.",active,"Heavyweight fleece, boxy fit","The piece Drop 01 was built around. Heavyweight fleece, a boxy cut and the full club mark across the back.","Heavyweight brushed-back fleece
Dropped shoulder, boxy fit
Lined hood with flat drawcords
Engraved metal aglets
Kangaroo pocket
Ribbed cuffs and hem
Chest and back print","Oversized fit. Take your usual size for the intended look, or size down for a closer fit.","Machine wash cold, inside out. Do not tumble dry. Do not iron the print."
athletics-club-hoodie,,,,,,,,,Black,,S,VY-HOOD-BLK-S,800,shopify,0,deny,manual,85.00,,TRUE,TRUE,,,,,kg,,,,,,,,
athletics-club-hoodie,,,,,,,,,Black,,M,VY-HOOD-BLK-M,800,shopify,0,deny,manual,85.00,,TRUE,TRUE,,,,,kg,,,,,,,,
athletics-club-hoodie,,,,,,,,,Black,,L,VY-HOOD-BLK-L,800,shopify,0,deny,manual,85.00,,TRUE,TRUE,,,,,kg,,,,,,,,
athletics-club-hoodie,,,,,,,,,Black,,XL,VY-HOOD-BLK-XL,800,shopify,0,deny,manual,85.00,,TRUE,TRUE,,,,,kg,,,,,,,,
athletics-club-hoodie,,,,,,,,,Black,,XXL,VY-HOOD-BLK-XXL,800,shopify,0,deny,manual,85.00,,TRUE,TRUE,,,,,kg,,,,,,,,
athletics-club-hoodie,,,,,,,,,Navy,,XS,VY-HOOD-NVY-XS,800,shopify,0,deny,manual,85.00,,TRUE,TRUE,,,,,kg,,,,,,,,
athletics-club-hoodie,,,,,,,,,Navy,,S,VY-HOOD-NVY-S,800,shopify,0,deny,manual,85.00,,TRUE,TRUE,,,,,kg,,,,,,,,
athletics-club-hoodie,,,,,,,,,Navy,,M,VY-HOOD-NVY-M,800,shopify,0,deny,manual,85.00,,TRUE,TRUE,,,,,kg,,,,,,,,
athletics-club-hoodie,,,,,,,,,Navy,,L,VY-HOOD-NVY-L,800,shopify,0,deny,manual,85.00,,TRUE,TRUE,,,,,kg,,,,,,,,
athletics-club-hoodie,,,,,,,,,Navy,,XL,VY-HOOD-NVY-XL,800,shopify,0,deny,manual,85.00,,TRUE,TRUE,,,,,kg,,,,,,,,
athletics-club-hoodie,,,,,,,,,Navy,,XXL,VY-HOOD-NVY-XXL,800,shopify,0,deny,manual,85.00,,TRUE,TRUE,,,,,kg,,,,,,,,
athletics-club-hoodie,,,,,,,,,Gray,,XS,VY-HOOD-GRY-XS,800,shopify,0,deny,manual,85.00,,TRUE,TRUE,,,,,kg,,,,,,,,
athletics-club-hoodie,,,,,,,,,Gray,,S,VY-HOOD-GRY-S,800,shopify,0,deny,manual,85.00,,TRUE,TRUE,,,,,kg,,,,,,,,
athletics-club-hoodie,,,,,,,,,Gray,,M,VY-HOOD-GRY-M,800,shopify,0,deny,manual,85.00,,TRUE,TRUE,,,,,kg,,,,,,,,
athletics-club-hoodie,,,,,,,,,Gray,,L,VY-HOOD-GRY-L,800,shopify,0,deny,manual,85.00,,TRUE,TRUE,,,,,kg,,,,,,,,
athletics-club-hoodie,,,,,,,,,Gray,,XL,VY-HOOD-GRY-XL,800,shopify,0,deny,manual,85.00,,TRUE,TRUE,,,,,kg,,,,,,,,
athletics-club-hoodie,,,,,,,,,Gray,,XXL,VY-HOOD-GRY-XXL,800,shopify,0,deny,manual,85.00,,TRUE,TRUE,,,,,kg,,,,,,,,
oversized-tee,Oversized Tee,"<p>A heavyweight cotton tee with a dropped shoulder and a boxy, slightly cropped body, so it hangs clean over a trained frame instead of clinging to it. The distressed brush-stroke VYRO runs across the back; a smaller mark sits on the chest.</p>",VYRO,,Tees,"men, new, drop-01, tee, tees, t-shirt, tshirt, shirt, oversized, boxy, back print, cotton, tops",TRUE,Color,Black,Size,XS,VY-TEE-BLK-XS,260,shopify,0,deny,manual,40.00,,TRUE,TRUE,,,,,kg,Oversized Tee | VYRO Athletics,"Boxy, heavyweight and cut to hang right over broad shoulders. Small mark on the chest, the full brush-stroke VYRO across the back.",active,"Dropped shoulder, big back print","Boxy, heavyweight and cut to hang right over broad shoulders. Small mark on the chest, the full brush-stroke VYRO across the back.","Heavyweight cotton jersey
Dropped shoulder
Boxy, slightly cropped body
Large distressed back print
Small chest print
Woven neck label",Oversized fit. Size down for a standard fit.,"Machine wash cold, inside out. Hang to dry. Do not iron the print."
oversized-tee,,,,,,,,,Black,,S,VY-TEE-BLK-S,260,shopify,0,deny,manual,40.00,,TRUE,TRUE,,,,,kg,,,,,,,,
oversized-tee,,,,,,,,,Black,,M,VY-TEE-BLK-M,260,shopify,0,deny,manual,40.00,,TRUE,TRUE,,,,,kg,,,,,,,,
oversized-tee,,,,,,,,,Black,,L,VY-TEE-BLK-L,260,shopify,0,deny,manual,40.00,,TRUE,TRUE,,,,,kg,,,,,,,,
oversized-tee,,,,,,,,,Black,,XL,VY-TEE-BLK-XL,260,shopify,0,deny,manual,40.00,,TRUE,TRUE,,,,,kg,,,,,,,,
oversized-tee,,,,,,,,,Black,,XXL,VY-TEE-BLK-XXL,260,shopify,0,deny,manual,40.00,,TRUE,TRUE,,,,,kg,,,,,,,,
oversized-tee,,,,,,,,,Navy,,XS,VY-TEE-NVY-XS,260,shopify,0,deny,manual,40.00,,TRUE,TRUE,,,,,kg,,,,,,,,
oversized-tee,,,,,,,,,Navy,,S,VY-TEE-NVY-S,260,shopify,0,deny,manual,40.00,,TRUE,TRUE,,,,,kg,,,,,,,,
oversized-tee,,,,,,,,,Navy,,M,VY-TEE-NVY-M,260,shopify,0,deny,manual,40.00,,TRUE,TRUE,,,,,kg,,,,,,,,
oversized-tee,,,,,,,,,Navy,,L,VY-TEE-NVY-L,260,shopify,0,deny,manual,40.00,,TRUE,TRUE,,,,,kg,,,,,,,,
oversized-tee,,,,,,,,,Navy,,XL,VY-TEE-NVY-XL,260,shopify,0,deny,manual,40.00,,TRUE,TRUE,,,,,kg,,,,,,,,
oversized-tee,,,,,,,,,Navy,,XXL,VY-TEE-NVY-XXL,260,shopify,0,deny,manual,40.00,,TRUE,TRUE,,,,,kg,,,,,,,,
oversized-tee,,,,,,,,,Gray,,XS,VY-TEE-GRY-XS,260,shopify,0,deny,manual,40.00,,TRUE,TRUE,,,,,kg,,,,,,,,
oversized-tee,,,,,,,,,Gray,,S,VY-TEE-GRY-S,260,shopify,0,deny,manual,40.00,,TRUE,TRUE,,,,,kg,,,,,,,,
oversized-tee,,,,,,,,,Gray,,M,VY-TEE-GRY-M,260,shopify,0,deny,manual,40.00,,TRUE,TRUE,,,,,kg,,,,,,,,
oversized-tee,,,,,,,,,Gray,,L,VY-TEE-GRY-L,260,shopify,0,deny,manual,40.00,,TRUE,TRUE,,,,,kg,,,,,,,,
oversized-tee,,,,,,,,,Gray,,XL,VY-TEE-GRY-XL,260,shopify,0,deny,manual,40.00,,TRUE,TRUE,,,,,kg,,,,,,,,
oversized-tee,,,,,,,,,Gray,,XXL,VY-TEE-GRY-XXL,260,shopify,0,deny,manual,40.00,,TRUE,TRUE,,,,,kg,,,,,,,,
premium-tank,Premium Tank,"<p>Cut from premium cotton with a regular side fit and no deep side drop-offs, so it stays sharp in the gym and wearable outside it. Athletic through the chest and back, with a small brush-stroke mark on the chest.</p>",VYRO,,Tanks,"men, new, drop-01, tank, tanks, tank top, vest, sleeveless, singlet, arm day, cotton, tops",TRUE,Color,Black,Size,XS,VY-TANK-BLK-XS,160,shopify,0,deny,manual,32.00,,TRUE,TRUE,,,,,kg,Premium Tank | VYRO Athletics,"A clean, athletic tank for arm day and everything after. Regular side fit, no deep drop-offs.",active,"Clean silhouette, premium cotton","A clean, athletic tank for arm day and everything after. Regular side fit, no deep drop-offs.","Premium cotton
Regular side fit, no side drop-offs
Clean silhouette
Athletic fit
Small chest print
Woven neck label",Athletic fit. True to size.,Machine wash cold. Hang to dry.
premium-tank,,,,,,,,,Black,,S,VY-TANK-BLK-S,160,shopify,0,deny,manual,32.00,,TRUE,TRUE,,,,,kg,,,,,,,,
premium-tank,,,,,,,,,Black,,M,VY-TANK-BLK-M,160,shopify,0,deny,manual,32.00,,TRUE,TRUE,,,,,kg,,,,,,,,
premium-tank,,,,,,,,,Black,,L,VY-TANK-BLK-L,160,shopify,0,deny,manual,32.00,,TRUE,TRUE,,,,,kg,,,,,,,,
premium-tank,,,,,,,,,Black,,XL,VY-TANK-BLK-XL,160,shopify,0,deny,manual,32.00,,TRUE,TRUE,,,,,kg,,,,,,,,
premium-tank,,,,,,,,,Black,,XXL,VY-TANK-BLK-XXL,160,shopify,0,deny,manual,32.00,,TRUE,TRUE,,,,,kg,,,,,,,,
premium-tank,,,,,,,,,Navy,,XS,VY-TANK-NVY-XS,160,shopify,0,deny,manual,32.00,,TRUE,TRUE,,,,,kg,,,,,,,,
premium-tank,,,,,,,,,Navy,,S,VY-TANK-NVY-S,160,shopify,0,deny,manual,32.00,,TRUE,TRUE,,,,,kg,,,,,,,,
premium-tank,,,,,,,,,Navy,,M,VY-TANK-NVY-M,160,shopify,0,deny,manual,32.00,,TRUE,TRUE,,,,,kg,,,,,,,,
premium-tank,,,,,,,,,Navy,,L,VY-TANK-NVY-L,160,shopify,0,deny,manual,32.00,,TRUE,TRUE,,,,,kg,,,,,,,,
premium-tank,,,,,,,,,Navy,,XL,VY-TANK-NVY-XL,160,shopify,0,deny,manual,32.00,,TRUE,TRUE,,,,,kg,,,,,,,,
premium-tank,,,,,,,,,Navy,,XXL,VY-TANK-NVY-XXL,160,shopify,0,deny,manual,32.00,,TRUE,TRUE,,,,,kg,,,,,,,,
premium-tank,,,,,,,,,Gray,,XS,VY-TANK-GRY-XS,160,shopify,0,deny,manual,32.00,,TRUE,TRUE,,,,,kg,,,,,,,,
premium-tank,,,,,,,,,Gray,,S,VY-TANK-GRY-S,160,shopify,0,deny,manual,32.00,,TRUE,TRUE,,,,,kg,,,,,,,,
premium-tank,,,,,,,,,Gray,,M,VY-TANK-GRY-M,160,shopify,0,deny,manual,32.00,,TRUE,TRUE,,,,,kg,,,,,,,,
premium-tank,,,,,,,,,Gray,,L,VY-TANK-GRY-L,160,shopify,0,deny,manual,32.00,,TRUE,TRUE,,,,,kg,,,,,,,,
premium-tank,,,,,,,,,Gray,,XL,VY-TANK-GRY-XL,160,shopify,0,deny,manual,32.00,,TRUE,TRUE,,,,,kg,,,,,,,,
premium-tank,,,,,,,,,Gray,,XXL,VY-TANK-GRY-XXL,160,shopify,0,deny,manual,32.00,,TRUE,TRUE,,,,,kg,,,,,,,,
club-jogger,Club Jogger,"<p>The matching bottom to the Athletics Club Hoodie. Heavyweight fleece, tapered through the leg and finished with ribbed cuffs that stay put. The brush-stroke mark runs down the side of the leg, with a small one on the front.</p>",VYRO,,Joggers,"men, drop-01, jogger, joggers, sweatpants, pants, trackpants, fleece, leg print, bottoms",TRUE,Color,Black,Size,S,VY-JOG-BLK-S,650,shopify,0,deny,manual,70.00,,TRUE,TRUE,,,,,kg,Club Jogger | VYRO Athletics,"Tapered through the leg with ribbed cuffs that stay put, and the VYRO mark running down the side.",active,"Tapered, ribbed cuff, leg print","Tapered through the leg with ribbed cuffs that stay put, and the VYRO mark running down the side.","Heavyweight fleece
Tapered leg, ribbed cuffs
Elastic waist with flat drawcord
Engraved metal aglets
Side pockets
Full-length leg print","Regular fit through the seat and thigh, tapered to the ankle. True to size.","Machine wash cold, inside out. Do not tumble dry. Do not iron the print."
club-jogger,,,,,,,,,Black,,M,VY-JOG-BLK-M,650,shopify,0,deny,manual,70.00,,TRUE,TRUE,,,,,kg,,,,,,,,
club-jogger,,,,,,,,,Black,,L,VY-JOG-BLK-L,650,shopify,0,deny,manual,70.00,,TRUE,TRUE,,,,,kg,,,,,,,,
club-jogger,,,,,,,,,Black,,XL,VY-JOG-BLK-XL,650,shopify,0,deny,manual,70.00,,TRUE,TRUE,,,,,kg,,,,,,,,
club-jogger,,,,,,,,,Black,,XXL,VY-JOG-BLK-XXL,650,shopify,0,deny,manual,70.00,,TRUE,TRUE,,,,,kg,,,,,,,,
club-jogger,,,,,,,,,Navy,,S,VY-JOG-NVY-S,650,shopify,0,deny,manual,70.00,,TRUE,TRUE,,,,,kg,,,,,,,,
club-jogger,,,,,,,,,Navy,,M,VY-JOG-NVY-M,650,shopify,0,deny,manual,70.00,,TRUE,TRUE,,,,,kg,,,,,,,,
club-jogger,,,,,,,,,Navy,,L,VY-JOG-NVY-L,650,shopify,0,deny,manual,70.00,,TRUE,TRUE,,,,,kg,,,,,,,,
club-jogger,,,,,,,,,Navy,,XL,VY-JOG-NVY-XL,650,shopify,0,deny,manual,70.00,,TRUE,TRUE,,,,,kg,,,,,,,,
club-jogger,,,,,,,,,Navy,,XXL,VY-JOG-NVY-XXL,650,shopify,0,deny,manual,70.00,,TRUE,TRUE,,,,,kg,,,,,,,,
club-jogger,,,,,,,,,Gray,,S,VY-JOG-GRY-S,650,shopify,0,deny,manual,70.00,,TRUE,TRUE,,,,,kg,,,,,,,,
club-jogger,,,,,,,,,Gray,,M,VY-JOG-GRY-M,650,shopify,0,deny,manual,70.00,,TRUE,TRUE,,,,,kg,,,,,,,,
club-jogger,,,,,,,,,Gray,,L,VY-JOG-GRY-L,650,shopify,0,deny,manual,70.00,,TRUE,TRUE,,,,,kg,,,,,,,,
club-jogger,,,,,,,,,Gray,,XL,VY-JOG-GRY-XL,650,shopify,0,deny,manual,70.00,,TRUE,TRUE,,,,,kg,,,,,,,,
club-jogger,,,,,,,,,Gray,,XXL,VY-JOG-GRY-XXL,650,shopify,0,deny,manual,70.00,,TRUE,TRUE,,,,,kg,,,,,,,,
training-short,Training Short,"<p>A premium poly-blend training short cut above the knee, with side splits at the hem so it moves with you at the bottom of a squat. Elastic waistband with drawcord, side pockets and the brush-stroke mark down the leg.</p>",VYRO,,Shorts,"men, new, drop-01, short, shorts, gym shorts, training, leg day, squat, poly, bottoms",TRUE,Color,Black,Size,S,VY-SHRT-BLK-S,240,shopify,0,deny,manual,45.00,,TRUE,TRUE,,,,,kg,Training Short | VYRO Athletics,"Built for squats and everything else on leg day. Side splits at the hem, the VYRO mark down the leg.",active,"Side splits, leg print","Built for squats and everything else on leg day. Side splits at the hem, the VYRO mark down the leg.","Premium poly blend
Elastic waistband with drawcord
Side pockets
Side-split hem
Leg print","Regular fit, above the knee. True to size.",Machine wash cold. Hang to dry.
training-short,,,,,,,,,Black,,M,VY-SHRT-BLK-M,240,shopify,0,deny,manual,45.00,,TRUE,TRUE,,,,,kg,,,,,,,,
training-short,,,,,,,,,Black,,L,VY-SHRT-BLK-L,240,shopify,0,deny,manual,45.00,,TRUE,TRUE,,,,,kg,,,,,,,,
training-short,,,,,,,,,Black,,XL,VY-SHRT-BLK-XL,240,shopify,0,deny,manual,45.00,,TRUE,TRUE,,,,,kg,,,,,,,,
training-short,,,,,,,,,Black,,XXL,VY-SHRT-BLK-XXL,240,shopify,0,deny,manual,45.00,,TRUE,TRUE,,,,,kg,,,,,,,,
training-short,,,,,,,,,Navy,,S,VY-SHRT-NVY-S,240,shopify,0,deny,manual,45.00,,TRUE,TRUE,,,,,kg,,,,,,,,
training-short,,,,,,,,,Navy,,M,VY-SHRT-NVY-M,240,shopify,0,deny,manual,45.00,,TRUE,TRUE,,,,,kg,,,,,,,,
training-short,,,,,,,,,Navy,,L,VY-SHRT-NVY-L,240,shopify,0,deny,manual,45.00,,TRUE,TRUE,,,,,kg,,,,,,,,
training-short,,,,,,,,,Navy,,XL,VY-SHRT-NVY-XL,240,shopify,0,deny,manual,45.00,,TRUE,TRUE,,,,,kg,,,,,,,,
training-short,,,,,,,,,Navy,,XXL,VY-SHRT-NVY-XXL,240,shopify,0,deny,manual,45.00,,TRUE,TRUE,,,,,kg,,,,,,,,
training-short,,,,,,,,,Gray,,S,VY-SHRT-GRY-S,240,shopify,0,deny,manual,45.00,,TRUE,TRUE,,,,,kg,,,,,,,,
training-short,,,,,,,,,Gray,,M,VY-SHRT-GRY-M,240,shopify,0,deny,manual,45.00,,TRUE,TRUE,,,,,kg,,,,,,,,
training-short,,,,,,,,,Gray,,L,VY-SHRT-GRY-L,240,shopify,0,deny,manual,45.00,,TRUE,TRUE,,,,,kg,,,,,,,,
training-short,,,,,,,,,Gray,,XL,VY-SHRT-GRY-XL,240,shopify,0,deny,manual,45.00,,TRUE,TRUE,,,,,kg,,,,,,,,
training-short,,,,,,,,,Gray,,XXL,VY-SHRT-GRY-XXL,240,shopify,0,deny,manual,45.00,,TRUE,TRUE,,,,,kg,,,,,,,,
club-set,Club Set,"<p>Both halves of the Drop 01 fleece set: the Athletics Club Hoodie and the Club Jogger, in the same colorway. Heavyweight fleece top to bottom, brush-stroke marks on the chest, back and leg.</p>",VYRO,,Sets,"men, drop-01, set, tracksuit, matching set, co-ord, hoodie, jogger, fleece, bundle",TRUE,Color,Black,Size,S,VY-SET-BLK-S,1450,shopify,0,deny,manual,145.00,,TRUE,TRUE,,,,,kg,Club Set | VYRO Athletics,The Athletics Club Hoodie and Club Jogger in one matching colorway. Save €10 against buying them separately.,active,"Hoodie and jogger, matched colorway",The Athletics Club Hoodie and Club Jogger in one matching colorway. Save €10 against buying them separately.,"Athletics Club Hoodie
Club Jogger
Matched colorway
Heavyweight fleece
Engraved metal aglets on both pieces",One size for both pieces. The hoodie is cut oversized; size down if you want a closer fit up top.,"Machine wash cold, inside out. Do not tumble dry. Do not iron the prints."
club-set,,,,,,,,,Black,,M,VY-SET-BLK-M,1450,shopify,0,deny,manual,145.00,,TRUE,TRUE,,,,,kg,,,,,,,,
club-set,,,,,,,,,Black,,L,VY-SET-BLK-L,1450,shopify,0,deny,manual,145.00,,TRUE,TRUE,,,,,kg,,,,,,,,
club-set,,,,,,,,,Black,,XL,VY-SET-BLK-XL,1450,shopify,0,deny,manual,145.00,,TRUE,TRUE,,,,,kg,,,,,,,,
club-set,,,,,,,,,Black,,XXL,VY-SET-BLK-XXL,1450,shopify,0,deny,manual,145.00,,TRUE,TRUE,,,,,kg,,,,,,,,
club-set,,,,,,,,,Navy,,S,VY-SET-NVY-S,1450,shopify,0,deny,manual,145.00,,TRUE,TRUE,,,,,kg,,,,,,,,
club-set,,,,,,,,,Navy,,M,VY-SET-NVY-M,1450,shopify,0,deny,manual,145.00,,TRUE,TRUE,,,,,kg,,,,,,,,
club-set,,,,,,,,,Navy,,L,VY-SET-NVY-L,1450,shopify,0,deny,manual,145.00,,TRUE,TRUE,,,,,kg,,,,,,,,
club-set,,,,,,,,,Navy,,XL,VY-SET-NVY-XL,1450,shopify,0,deny,manual,145.00,,TRUE,TRUE,,,,,kg,,,,,,,,
club-set,,,,,,,,,Navy,,XXL,VY-SET-NVY-XXL,1450,shopify,0,deny,manual,145.00,,TRUE,TRUE,,,,,kg,,,,,,,,
club-set,,,,,,,,,Gray,,S,VY-SET-GRY-S,1450,shopify,0,deny,manual,145.00,,TRUE,TRUE,,,,,kg,,,,,,,,
club-set,,,,,,,,,Gray,,M,VY-SET-GRY-M,1450,shopify,0,deny,manual,145.00,,TRUE,TRUE,,,,,kg,,,,,,,,
club-set,,,,,,,,,Gray,,L,VY-SET-GRY-L,1450,shopify,0,deny,manual,145.00,,TRUE,TRUE,,,,,kg,,,,,,,,
club-set,,,,,,,,,Gray,,XL,VY-SET-GRY-XL,1450,shopify,0,deny,manual,145.00,,TRUE,TRUE,,,,,kg,,,,,,,,
club-set,,,,,,,,,Gray,,XXL,VY-SET-GRY-XXL,1450,shopify,0,deny,manual,145.00,,TRUE,TRUE,,,,,kg,,,,,,,,
